{
    "buffer" : 
    [
        [
            0.49625659, 0.76822180, 0.08847743, 0.13203049,
            0.30742282, 0.63407868, 0.49009341, 0.89644474,
            0.45562798, 0.63230628, 0.34889346, 0.40171731,
            0.02232575, 0.16885895, 0.29388845, 0.51852179,
            0.69766760, 0.80001140, 0.16102946, 0.28226858,
            0.68160856, 0.91519397, 0.39709991, 0.87415588
        ],
        [
            0.41940832, 0.55290705, 0.95273811, 0.03616482,
            0.18523103, 0.37341738, 0.30510002, 0.93200040,
            0.17591017, 0.26983356, 0.15067977, 0.03171951,
            0.20812976, 0.92979902, 0.72310919, 0.74233627,
            0.52629578, 0.24365824, 0.58459234, 0.03315264,
            0.13871688, 0.24223500, 0.81546897, 0.79316062
        ],
        [
            0.27825248, 0.48195881, 0.81978035, 0.99706656,
            0.69844109, 0.56754643, 0.83524317, 0.20559883,
            0.59317201, 0.11234725, 0.15345693, 0.24170822,
            0.72623652, 0.70108020, 0.20382375, 0.65105355,
            0.77448601, 0.43689132, 0.51909077, 0.61585236,
            0.81018829, 0.98009706, 0.11468822, 0.31676513
        ],
        [
            0.69650495, 0.91427469, 0.93510365, 0.94117838,
            0.59950727, 0.06520867, 0.54599625, 0.18719733,
            0.03402293, 0.94424623, 0.88017988, 0.00123602,
            0.59358603, 0.41576999, 0.41771942, 0.27112156,
            0.69227809, 0.20384824, 0.68329567, 0.75285405,
            0.85793579, 0.68695557, 0.00513238, 0.17565155
        ]
    ],
    "computed" :
    [
        [
            0.76822180, 0.76822180, 0.89644474, 0.89644474,
            0.63230628, 0.63230628, 0.63230628, 0.51852179,
            0.91519397, 0.91519397, 0.91519397, 0.87415588
        ],

        [
            0.55290705, 0.95273811, 0.95273811, 0.95273811,
            0.92979902, 0.92979902, 0.92979902, 0.74233627,
            0.52629578, 0.81546897, 0.81546897, 0.81546897
        ],

        [
            0.69844109, 0.83524317, 0.99706656, 0.99706656,
            0.72623652, 0.72623652, 0.70108020, 0.65105355,
            0.98009706, 0.98009706, 0.98009706, 0.61585236
        ],

        [
            0.91427469, 0.93510365, 0.94117838, 0.94117838,
            0.94424623, 0.94424623, 0.94424623, 0.88017988,
            0.85793579, 0.85793579, 0.75285405, 0.75285405
        ]
    ]
}