{
    "numInChannels": 5,
    "numOutChannels": 5,
    "channelHeight": 9,
    "channelWidth": 9,
    "means": [
        0.001691692043095827,
        0.20957469940185547,
        0.7531698942184448,
        -0.11598194390535355,
        -0.2380867600440979
    ],
    "vars": [
        0.7013558745384216,
        1.0189189910888672,
        0.5014127492904663,
        0.7555098533630371,
        0.515636146068573
    ],
    "gammas": [
        1.5110524892807007,
        1.4778906106948853,
        1.4420918226242065,
        1.313030481338501,
        1.5031393766403198
    ],
    "betas": [
        0.0236506424844265,
        0.02725145034492016,
        -0.013462454080581665,
        0.048654135316610336,
        0.05783114209771156
    ]
}