{
    "numInChannels": 3,
    "numOutChannels": 3,
    "channelHeight": 26,
    "channelWidth": 26,
    "means": [
        0.36052051186561584,
        -0.23619629442691803,
        0.13358604907989502
    ],
    "vars": [
        0.03489356487989426,
        0.02087334357202053,
        0.010060370899736881
    ],
    "gammas": [
        1.0154627561569214,
        1.0381227731704712,
        0.9544557929039001
    ],
    "betas": [
        -0.007384154014289379,
        -0.005790943279862404,
        0.002264766488224268
    ]
}