{
    "numInChannels": 3,
    "numOutChannels": 5,
    "channelHeight": 13,
    "channelWidth": 13,
    "kernelHeight": 5,
    "kernelWidth": 5,
    "strideRow": 1,
    "strideCol": 1,
    "padHeight": 0,
    "padWidth": 0,
    "padVal": 0,
    "weights": [
        [
            [
                -0.04485854506492615,
                0.039975062012672424,
                0.058035023510456085,
                -0.06309245526790619,
                -0.1018887311220169,
                -0.025916414335370064,
                0.009901836514472961,
                0.04351765289902687,
                0.06260067969560623,
                -0.05420927703380585,
                -0.06558821350336075,
                0.07455744594335556,
                0.14062030613422394,
                -0.0774751827120781,
                0.12924593687057495,
                0.007953806780278683,
                0.048304297029972076,
                0.048660121858119965,
                -0.08228789269924164,
                -0.02375219576060772,
                -6.975431460887194e-05,
                -0.03302590548992157,
                0.13297152519226074,
                0.002770833671092987,
                -0.01953515037894249
            ],
            [
                -0.053181134164333344,
                -0.09313400089740753,
                -0.06788593530654907,
                0.060341622680425644,
                -0.08875661343336105,
                -0.11812306195497513,
                -0.032547660171985626,
                -0.08270370960235596,
                0.1073710024356842,
                0.07417742162942886,
                -0.03027360327541828,
                -0.0520167239010334,
                0.06584248691797256,
                0.028463201597332954,
                0.026924343779683113,
                0.06906972080469131,
                0.12791959941387177,
                -0.032998647540807724,
                0.007054092828184366,
                -0.04168977960944176,
                0.0904870554804802,
                0.010830865241587162,
                0.019193345680832863,
                -0.039436183869838715,
                -0.07535858452320099
            ],
            [
                -0.01158436480909586,
                0.0325598269701004,
                -0.0022780781146138906,
                0.0158439539372921,
                0.13116124272346497,
                -0.0738401859998703,
                -0.05579632520675659,
                -0.011778189800679684,
                -0.00631422596052289,
                0.011828148737549782,
                -0.007452619262039661,
                0.034776490181684494,
                -0.10390465706586838,
                0.0027617893647402525,
                0.021924257278442383,
                0.02706645429134369,
                0.0905359610915184,
                -0.09734166413545609,
                -0.06285350024700165,
                -0.09103594720363617,
                0.10485401749610901,
                0.05187853425741196,
                0.01630835421383381,
                -0.09243369847536087,
                0.07104922831058502
            ]
        ],
        [
            [
                -0.010084434412419796,
                -0.12641988694667816,
                0.046815354377031326,
                0.11307287216186523,
                -0.04525166377425194,
                -0.03766811639070511,
                -0.01354142650961876,
                0.018697431311011314,
                -0.01697622239589691,
                0.1667720377445221,
                -0.03124578855931759,
                0.0936632826924324,
                0.07942662388086319,
                -0.06913211196660995,
                -0.12285400927066803,
                -0.00673658074811101,
                -0.03861454501748085,
                -0.013867337256669998,
                -0.11473093926906586,
                -0.10054367035627365,
                0.015759440138936043,
                0.05204843729734421,
                -0.008130294270813465,
                -0.09734757989645004,
                -0.029965441673994064
            ],
            [
                0.05168543756008148,
                -0.1806725412607193,
                0.004578903783112764,
                0.16769693791866302,
                0.23899607360363007,
                -0.053398486226797104,
                -0.054555971175432205,
                0.04330555349588394,
                0.06954511255025864,
                -0.00652061402797699,
                -0.008581633679568768,
                0.0755215734243393,
                -0.009196201339364052,
                -0.05078405141830444,
                -0.040410418063402176,
                -0.05227817967534065,
                0.03167480230331421,
                -0.07239815592765808,
                0.10581954568624496,
                0.10304457694292068,
                0.038427695631980896,
                -0.01499271485954523,
                -0.014650563709437847,
                0.11983201652765274,
                -0.008964885026216507
            ],
            [
                -0.00602147588506341,
                -0.08187541365623474,
                0.15462082624435425,
                0.05622154474258423,
                -0.016727985814213753,
                -0.004951521288603544,
                -0.026750735938549042,
                -0.01716216653585434,
                0.01747303269803524,
                0.12867790460586548,
                -0.019133858382701874,
                0.02747298590838909,
                -0.08786969631910324,
                0.016857774928212166,
                0.003466385882347822,
                0.029956649988889694,
                0.022239401936531067,
                0.019997434690594673,
                -0.02540595643222332,
                0.0040434664115309715,
                0.05540104955434799,
                0.008780463598668575,
                0.011944578029215336,
                0.053233906626701355,
                0.0599643737077713
            ]
        ],
        [
            [
                -0.029293546453118324,
                0.0016919750487431884,
                -0.01754097454249859,
                -0.07743337750434875,
                -0.008969019167125225,
                -0.037736691534519196,
                0.016687244176864624,
                -0.0930936336517334,
                -0.06021266430616379,
                -0.016982538625597954,
                0.011608150787651539,
                -0.17583902180194855,
                0.009115160442888737,
                0.08239773660898209,
                0.08380583673715591,
                -0.05857427790760994,
                0.10972964018583298,
                0.13357552886009216,
                0.015038356184959412,
                -0.024518432095646858,
                -0.021252984181046486,
                0.028154250234365463,
                0.0005095298402011395,
                0.030956167727708817,
                -0.024293527007102966
            ],
            [
                0.1599849909543991,
                -0.01578754186630249,
                0.11266554147005081,
                -0.006470317021012306,
                0.003887468483299017,
                0.16605181992053986,
                -0.09352341294288635,
                0.024849388748407364,
                -0.07762310653924942,
                0.014891122467815876,
                0.0018925488693639636,
                0.16514210402965546,
                0.12942589819431305,
                -0.015429895371198654,
                -0.02861614152789116,
                0.06742829829454422,
                0.018118474632501602,
                0.0663357600569725,
                -0.025317475199699402,
                0.08371172845363617,
                0.006950452458113432,
                -0.07840147614479065,
