{
    "numInChannels": 1,
    "numOutChannels": 3,
    "channelHeight": 28,
    "channelWidth": 28,
    "kernelHeight": 3,
    "kernelWidth": 3,
    "strideRow": 1,
    "strideCol": 1,
    "padHeight": 0,
    "padWidth": 0,
    "padVal": 0,
    "weights": [
        [
            [
                -0.17628630995750427,
                -0.13457851111888885,
                0.2742553949356079,
                -0.33332452178001404,
                0.306591272354126,
                0.3450981080532074,
                0.14231377840042114,
                -0.20551826059818268,
                0.09386859834194183
            ]
        ],
        [
            [
                -0.03430915251374245,
                -0.3332092761993408,
                -0.21485580503940582,
                0.061504412442445755,
                0.20863422751426697,
                0.10805066674947739,
                0.10353164374828339,
                0.13175784051418304,
                0.17544789612293243
            ]
        ],
        [
            [
                0.20004460215568542,
                0.2602260708808899,
                0.006030739285051823,
                -0.3340633511543274,
                -0.29001420736312866,
                -0.1794050931930542,
                0.1354600191116333,
                -0.07904854416847229,
                0.16741487383842468
            ]
        ]
    ],
    "biases": [
        0.31626051664352417,
        -0.26537808775901794,
        0.1493488848209381
    ]
}