{
    "buffer": [
        [
            0.2782524824142456,
            0.48195880651474,
            0.8197803497314453,
            0.9970665574073792,
            0.6984410881996155,
            0.5675464272499084,
            0.8352431654930115,
            0.2055988311767578,
            0.593172013759613,
            0.11234724521636963,
            0.1534569263458252,
            0.24170821905136108,
            0.7262365221977234,
            0.7010802030563354,
            0.2038237452507019,
            0.6510535478591919,
            0.7744860053062439,
            0.4368913173675537,
            0.5190907716751099,
            0.6158523559570312
        ]
    ],
    "computed": [
        [
            1.0652657747268677,
            1.5290930271148682,
            1.5376485586166382,
            0.9494978189468384,
            1.3279260396957397,
            1.5471065044403076
        ],
        [
            1.84365975856781,
            2.432392120361328,
            2.164759397506714,
            1.6490241289138794,
            2.108449935913086,
            1.95088529586792
        ]
    ]
}