{
    "buffer": [
        [
            0.6808037757873535,
            0.5633130073547363,
            0.49627798795700073,
            0.40115922689437866,
            0.5627331733703613,
            0.3858276605606079,
            0.4964867830276489,
            0.5637965202331543,
            0.10889744758605957,
            0.23793429136276245,
            0.9037463665008545,
            0.0942266583442688,
            0.46409690380096436,
            0.9946193695068359,
            0.6806185245513916,
            0.5141565203666687,
            0.06669503450393677,
            0.7476889491081238,
            0.1438596248626709,
            0.3580678701400757
        ]
    ],
    "computed": [
        [
            1.3979016542434692,
            1.0265436172485352,
            0.8853603601455688,
            1.1467463970184326,
            0.8434978723526001,
            1.4469311237335205
        ],
        [
            1.8772825002670288,
            1.6269826889038086,
            1.5181635618209839,
            1.5564370155334473,
            1.4450788497924805,
            2.2648420333862305
        ]
    ]
}