{
    "buffer": [
        [
            0.25147682428359985,
            0.11684411764144897,
            0.032073974609375,
            0.0779958963394165,
            0.3985816240310669,
            0.7742030024528503,
            0.7703205347061157,
            0.017784059047698975,
            0.8118910193443298,
            0.108745276927948,
            0.3942948579788208,
            0.2972636818885803,
            0.403692364692688,
            0.4018286466598511,
            0.05132502317428589,
            0.06828105449676514,
            0.4217602610588074,
            0.5064660906791687,
            0.2728625535964966,
            0.6883496046066284
        ]
    ],
    "computed": [
        [
            0.5900318026542664,
            0.7338270545005798,
            0.4543212354183197,
            0.9418925046920776,
            0.8999236226081848,
            1.123116374015808
        ],
        [
            1.1769015789031982,
            1.109847068786621,
            0.774295449256897,
            1.2062944173812866,
            1.4125162363052368,
            1.4422718286514282
        ]
    ]
}