{
    "buffer": [
        [
            0.8101882934570312,
            0.9800970554351807,
            0.1146882176399231,
            0.3167651295661926,
            0.6965049505233765,
            0.9142746925354004,
            0.9351036548614502,
            0.9411783814430237,
            0.5995072722434998,
            0.06520867347717285,
            0.5459962487220764,
            0.18719732761383057,
            0.03402292728424072,
            0.944246232509613,
            0.8801798820495605,
            0.0012360215187072754,
            0.5935860276222229,
            0.4157699942588806,
            0.41771942377090454,
            0.2711215615272522
        ]
    ],
    "computed": [
        [
            2.192431926727295,
            1.4177746772766113,
            0.7341253161430359,
            0.8863753080368042,
            0.6959609389305115,
            1.1976996660232544
        ],
        [
            2.7792258262634277,
            2.056812286376953,
            1.6568490266799927,
            0.9946637749671936,
            1.4095205068588257,
            1.9505802392959595
        ]
    ]
}