{
    "buffer": [
        [
            0.32508331537246704,
            0.09018915891647339,
            0.3936424255371094,
            0.6068782210350037,
            0.17426711320877075,
            0.4743403196334839,
            0.8579254150390625,
            0.4485998749732971,
            0.513896107673645,
            0.4568655490875244,
            0.6011906862258911,
            0.8179197311401367,
            0.9736230969429016,
            0.8175279498100281,
            0.974706768989563,
            0.46383917331695557,
            0.050839245319366455,
            0.26296138763427734,
            0.8404526114463806,
            0.49675875902175903
        ]
    ],
    "computed": [
        [
            0.8985850811004639,
            1.0002151727676392,
            1.2062101364135742,
            1.278766393661499,
            1.8689807653427124,
            1.8278522491455078
        ],
        [
            1.3678474426269531,
            1.7478755712509155,
            1.6316925287246704,
            2.056990623474121,
            2.276519775390625,
            2.4820547103881836
        ]
    ]
}