{
    "buffer": [
        [
            0.6922780871391296,
            0.2038482427597046,
            0.6832956671714783,
            0.75285404920578,
            0.8579357862472534,
            0.6869555711746216,
            0.0051323771476745605,
            0.17565155029296875,
            0.7496575117111206,
            0.6046506762504578,
            0.1099579930305481,
            0.21209025382995605,
            0.9703746438026428,
            0.8369089365005493,
            0.28198742866516113,
            0.3741576075553894,
            0.023700952529907227,
            0.49101293087005615,
            0.12347054481506348,
            0.11432164907455444
        ]
    ],
    "computed": [
        [
            0.7865839600563049,
            1.2450387477874756,
            1.6527318954467773,
            0.6937090158462524,
            1.179455280303955,
            1.3470369577407837
        ],
        [
            1.5089263916015625,
            1.590001106262207,
            2.185044288635254,
            1.297105312347412,
            1.7599071264266968,
            1.922630786895752
        ]
    ]
}