{
    "buffer": [
        [
            0.049970805644989014,
            0.46625638008117676,
            0.9397097229957581,
            0.29605400562286377,
            0.9515015482902527,
            0.6810768842697144,
            0.04876953363418579,
            0.816348671913147,
            0.44230276346206665,
            0.2767965793609619,
            0.8998266458511353,
            0.09595239162445068,
            0.5536524653434753,
            0.39531564712524414,
            0.8570563197135925,
            0.639572262763977,
            0.740252673625946,
            0.676579475402832,
            0.3797626495361328,
            0.3948472738265991
        ]
    ],
    "computed": [
        [
            1.1110005378723145,
            1.5396661758422852,
            1.2195521593093872,
            1.332587480545044,
            1.076778531074524,
            1.1330406665802002
        ],
        [
            1.8150863647460938,
            1.8679931163787842,
            2.1100242137908936,
            1.8826022148132324,
            1.7489981651306152,
            1.9039970636367798
        ]
    ]
}