{
    "buffer": [
        [
            0.1852310299873352,
            0.37341737747192383,
            0.3051000237464905,
            0.9320003986358643,
            0.17591017484664917,
            0.2698335647583008,
            0.15067976713180542,
            0.03171950578689575,
            0.20812976360321045,
            0.9297990202903748,
            0.7231091856956482,
            0.7423362731933594,
            0.5262957811355591,
            0.24365824460983276,
            0.584592342376709,
            0.033152639865875244,
            0.13871687650680542,
            0.242235004901886,
            0.815468966960907,
            0.793160617351532
        ]
    ],
    "computed": [
        [
            0.5301709771156311,
            0.6860983371734619,
            1.5630183219909668,
            1.1986355781555176,
            1.4264400005340576,
            1.3080127239227295
        ],
        [
            0.9693304896354675,
            1.2399708032608032,
            1.7002108097076416,
            1.595178484916687,
            1.6152994632720947,
            1.6678807735443115
        ]
    ]
}