{
    "buffer": [
        [
            0.08795928955078125,
            0.770922064781189,
            0.8969890475273132,
            0.8421124219894409,
            0.14731085300445557,
            0.5222999453544617,
            0.14753293991088867,
            0.22475790977478027,
            0.2086472511291504,
            0.6708725094795227,
            0.20204341411590576,
            0.4890913963317871,
            0.5210340619087219,
            0.822311520576477,
            0.12203997373580933,
            0.1567438840866089,
            0.20966923236846924,
            0.8499667048454285,
            0.3202674984931946,
            0.9217443466186523
        ]
    ],
    "computed": [
        [
            0.9944072961807251,
            1.3893687725067139,
            1.646628975868225,
            1.1685194969177246,
            1.2301229238510132,
            1.7185451984405518
        ],
        [
            1.783765435218811,
            1.989993691444397,
            1.9149061441421509,
            1.4574289321899414,
            1.8080857992172241,
            2.2364351749420166
        ]
    ]
}