{
    "buffer": [
        [
            0.4724501967430115,
            0.5750725269317627,
            0.2952348589897156,
            0.7966887950897217,
            0.19573044776916504,
            0.9536850452423096,
            0.8426499366760254,
            0.07835853099822998,
            0.3755578398704529,
            0.5225613117218018,
            0.572950541973114,
            0.6185871362686157,
            0.6962141394615173,
            0.5299500823020935,
            0.25603562593460083,
            0.7365944981575012,
            0.020375549793243408,
            0.20364665985107422,
            0.3748350739479065,
            0.2564433217048645
        ]
    ],
    "computed": [
        [
            1.1593378782272339,
            0.9784820079803467,
            1.2553352117538452,
            1.0761123895645142,
            1.2140100002288818,
            1.1023249626159668
        ],
        [
            1.978935718536377,
            1.7893732786178589,
            1.5074175596237183,
            1.876072645187378,
            1.57211434841156,
            1.4643590450286865
        ]
    ]
}