{
    "numInChannels": 3,
    "numOutChannels": 2,
    "channelHeight": 4,
    "channelWidth": 5,
    "kernelHeight": 2,
    "kernelWidth": 3,
    "strideRow": 2,
    "strideCol": 1,
    "padHeight": 2,
    "padWidth": 1,
    "padVal": 0,
    "weights": [
        [
            [
                0.1852310299873352,
                0.37341737747192383,
                0.3051000237464905,
                0.9320003986358643,
                0.17591017484664917,
                0.2698335647583008
            ],
            [
                0.15067976713180542,
                0.03171950578689575,
                0.20812976360321045,
                0.9297990202903748,
                0.7231091856956482,
                0.7423362731933594
            ],
            [
                0.5262957811355591,
                0.24365824460983276,
                0.584592342376709,
                0.033152639865875244,
                0.13871687650680542,
                0.242235004901886
            ]
        ],
        [
            [
                0.815468966960907,
                0.793160617351532,
                0.2782524824142456,
                0.48195880651474,
                0.8197803497314453,
                0.9970665574073792
            ],
            [
                0.6984410881996155,
                0.5675464272499084,
                0.8352431654930115,
                0.2055988311767578,
                0.593172013759613,
                0.11234724521636963
            ],
            [
                0.1534569263458252,
                0.24170821905136108,
                0.7262365221977234,
                0.7010802030563354,
                0.2038237452507019,
                0.6510535478591919
            ]
        ]
    ],
    "biases": [
        0.7744860053062439,
        0.4368913173675537
    ]
}