{
    "buffer": [
        [
            0.20598560571670532,
            0.24620473384857178,
            0.9595054388046265,
            0.3654579520225525,
            0.49863481521606445,
            0.2577522397041321,
            0.9991450309753418,
            0.9883350729942322,
            0.12290668487548828,
            0.0946650505065918,
            0.12100350856781006,
            0.4975886344909668,
            0.37254804372787476,
            0.17272716760635376,
            0.3206639289855957,
            0.594465434551239,
            0.23875463008880615,
            0.6107912659645081,
            0.3853420615196228,
            0.2577183246612549
        ],
        [
            0.5686927437782288,
            0.9111291170120239,
            0.16196036338806152,
            0.5232172012329102,
            0.3156161308288574,
            0.9906531572341919,
            0.025618374347686768,
            0.020669400691986084,
            0.9926924705505371,
            0.1836550235748291,
            0.5958616733551025,
            0.4568469524383545,
            0.3946714997291565,
            0.38832610845565796,
            0.8177202939987183,
            0.5238984823226929,
            0.013192713260650635,
            0.204819917678833,
            0.3295498490333557,
            0.7516081929206848
        ],
        [
            0.17643314599990845,
            0.9714598059654236,
            0.3886353373527527,
            0.4102190136909485,
            0.8917790055274963,
            0.7513038516044617,
            0.9240601658821106,
            0.7892221808433533,
            0.3483230471611023,
            0.16826379299163818,
            0.46279847621917725,
            0.9138187766075134,
            0.3321900963783264,
            0.03631502389907837,
            0.7049642205238342,
            0.9867357015609741,
            0.35765838623046875,
            0.08598822355270386,
            0.04647016525268555,
            0.6252996921539307
        ]
    ],
    "computed": [
        [
            0.7744860053062439,
            0.7744860053062439,
            0.7744860053062439,
            0.7744860053062439,
            0.7744860053062439,
            3.1234612464904785,
            3.884291648864746,
            4.525384426116943,
            4.130238056182861,
            2.7723119258880615,
            2.513585090637207,
            3.4559290409088135,
            2.6777524948120117,
            3.6976397037506104,
            2.544219493865967,
            0.7744860053062439,
            0.7744860053062439,
            0.7744860053062439,
            0.7744860053062439,
            0.7744860053062439
        ],
        [
            0.4368913173675537,
            0.4368913173675537,
            0.4368913173675537,
            0.4368913173675537,
            0.4368913173675537,
            5.053472995758057,
            6.039672374725342,
            5.785473346710205,
            5.147125720977783,
            2.68184757232666,
            3.6381945610046387,
            4.622591018676758,
            3.7602860927581787,
            4.38381290435791,
            2.813978433609009,
            0.4368913173675537,
            0.4368913173675537,
            0.4368913173675537,
            0.4368913173675537,
            0.4368913173675537
        ]
    ]
}