{
    "buffer": [
        [
            0.6593821048736572,
            0.7684034109115601,
            0.569654643535614,
            0.1654583215713501,
            0.11234015226364136,
            0.3457416892051697,
            0.7194790840148926,
            0.9931982159614563,
            0.7875145077705383,
            0.4436953663825989,
            0.6753082275390625,
            0.009468555450439453,
            0.0729493498802185,
            0.733303964138031,
            0.21679240465164185,
            0.7405478358268738,
            0.1470339298248291,
            0.25234454870224,
            0.08815550804138184,
            0.7609203457832336
        ],
        [
            0.44905245304107666,
            0.8848005533218384,
            0.8094360828399658,
            0.776671290397644,
            0.5160780549049377,
            0.3454110026359558,
            0.39128416776657104,
            0.566450297832489,
            0.7478547692298889,
            0.14970505237579346,
            0.9196389317512512,
            0.44563496112823486,
            0.08102720975875854,
            0.2294710874557495,
            0.9424088597297668,
            0.9572635889053345,
            0.03686016798019409,
            0.8526491522789001,
            0.7505795955657959,
            0.7959592342376709
        ],
        [
            0.9232646226882935,
            0.23052483797073364,
            0.657887876033783,
            0.7046166062355042,
            0.3522533178329468,
            0.6673265695571899,
            0.3561432957649231,
            0.8091306686401367,
            0.3612726926803589,
            0.31360214948654175,
            0.6258745193481445,
            0.6773468255996704,
            0.25571417808532715,
            0.5441991686820984,
            0.789767861366272,
            0.45025163888931274,
            0.6521669626235962,
            0.37940651178359985,
            0.6752498149871826,
            0.13780289888381958
        ]
    ],
    "computed": [
        [
            0.7744860053062439,
            0.7744860053062439,
            0.7744860053062439,
            0.7744860053062439,
            0.7744860053062439,
            2.787304639816284,
            4.557153701782227,
            4.792107582092285,
            4.469348907470703,
            3.1082491874694824,
            2.8098866939544678,
            4.269976615905762,
            3.532663106918335,
            4.594528675079346,
            3.065553665161133,
            0.7744860053062439,
            0.7744860053062439,
            0.7744860053062439,
            0.7744860053062439,
            0.7744860053062439
        ],
        [
            0.4368913173675537,
            0.4368913173675537,
            0.4368913173675537,
            0.4368913173675537,
            0.4368913173675537,
            4.175689220428467,
            7.0903472900390625,
            7.0900115966796875,
            6.016823768615723,
            2.992591619491577,
            4.354518413543701,
            4.16290283203125,
            3.7538630962371826,
            5.012505531311035,
            3.970592498779297,
            0.4368913173675537,
            0.4368913173675537,
            0.4368913173675537,
            0.4368913173675537,
            0.4368913173675537
        ]
    ]
}