{
    "buffer": [
        [
            0.1758251190185547,
            0.9781641960144043,
            0.20925027132034302,
            0.9112502932548523,
            0.10224586725234985,
            0.37972575426101685,
            0.7719843983650208,
            0.29570966958999634,
            0.9200214743614197,
            0.15592175722122192,
            0.08011424541473389,
            0.27454042434692383,
            0.5808252096176147,
            0.9603779315948486,
            0.2612995505332947,
            0.6788141131401062,
            0.37464648485183716,
            0.3915688395500183,
            0.8676517009735107,
            0.11250704526901245
        ],
        [
            0.5531066656112671,
            0.9702045917510986,
            0.43129390478134155,
            0.8882190585136414,
            0.3460215926170349,
            0.9024810791015625,
            0.016334831714630127,
            0.42793816328048706,
            0.41217678785324097,
            0.662042498588562,
            0.6961637139320374,
            0.8839084506034851,
            0.4255070090293884,
            0.48017245531082153,
            0.8424056172370911,
            0.3647134304046631,
            0.938316822052002,
            0.1670939326286316,
            0.44589507579803467,
            0.47314453125
        ],
        [
            0.7231049537658691,
            0.8418380618095398,
            0.42074811458587646,
            0.08575969934463501,
            0.7477461099624634,
            0.6495658755302429,
            0.7008496522903442,
            0.19156616926193237,
            0.821797788143158,
            0.9735774993896484,
            0.5433856844902039,
            0.03297579288482666,
            0.8509949445724487,
            0.1292743682861328,
            0.6149360537528992,
            0.572658896446228,
            0.2659817337989807,
            0.6740977764129639,
            0.05278366804122925,
            0.6138797402381897
        ]
    ],
    "computed": [
        [
            0.7744860053062439,
            0.7744860053062439,
            0.7744860053062439,
            0.7744860053062439,
            0.7744860053062439,
            3.226074695587158,
            4.174962520599365,
            4.151522636413574,
            4.0524582862854,
            3.262755870819092,
            2.5705361366271973,
            4.247095108032227,
            3.973706007003784,
            3.969282865524292,
            3.038971424102783,
            0.7744860053062439,
            0.7744860053062439,
            0.7744860053062439,
            0.7744860053062439,
            0.7744860053062439
        ],
        [
            0.4368913173675537,
            0.4368913173675537,
            0.4368913173675537,
            0.4368913173675537,
            0.4368913173675537,
            4.965810775756836,
            5.408523082733154,
            6.512277603149414,
            5.4761433601379395,
            4.095000267028809,
            3.407170057296753,
            5.503879070281982,
            5.020270824432373,
            5.873936653137207,
            3.454115867614746,
            0.4368913173675537,
            0.4368913173675537,
            0.4368913173675537,
            0.4368913173675537,
            0.4368913173675537
        ]
    ]
}