{
    "buffer": [
        [
            0.7044703364372253,
            0.12042731046676636,
            0.9785414338111877,
            0.8796868920326233,
            0.3177545666694641,
            0.7810772657394409,
            0.21590548753738403,
            0.42164283990859985,
            0.9245505928993225,
            0.5206595659255981,
            0.1463909149169922,
            0.3328835368156433,
            0.3642774224281311,
            0.4035356044769287,
            0.5478503108024597,
            0.9624148011207581,
            0.5267701745033264,
            0.19128000736236572,
            0.5256271362304688,
            0.7397435903549194
        ],
        [
            0.7480201125144958,
            0.043030738830566406,
            0.4105287790298462,
            0.12842774391174316,
            0.2866572141647339,
            0.6801466941833496,
            0.14493489265441895,
            0.6858634352684021,
            0.9243890643119812,
            0.532794177532196,
            0.16675615310668945,
            0.32085752487182617,
            0.6091820597648621,
            0.11884099245071411,
            0.7484051585197449,
            0.04606521129608154,
            0.01935333013534546,
            0.014169692993164062,
            0.398568332195282,
            0.8362164497375488
        ],
        [
            0.026760518550872803,
            0.9155935645103455,
            0.2999885678291321,
            0.6464420557022095,
            0.5228014588356018,
            0.04914045333862305,
            0.9146645069122314,
            0.7692217230796814,
            0.9969978332519531,
            0.7526060938835144,
            0.16996550559997559,
            0.9172918796539307,
            0.5268722176551819,
            0.7371082305908203,
            0.09908545017242432,
            0.35618674755096436,
            0.009061217308044434,
            0.3052537441253662,
            0.607865571975708,
            0.10741913318634033
        ]
    ],
    "computed": [
        [
            0.7744860053062439,
            0.7744860053062439,
            0.7744860053062439,
            0.7744860053062439,
            0.7744860053062439,
            2.6721911430358887,
            4.301468372344971,
            4.6300249099731445,
            4.871665000915527,
            3.887622833251953,
            1.991158366203308,
            3.0157063007354736,
            3.4101812839508057,
            3.438884973526001,
            3.137866735458374,
            0.7744860053062439,
            0.7744860053062439,
            0.7744860053062439,
            0.7744860053062439,
            0.7744860053062439
        ],
        [
            0.4368913173675537,
            0.4368913173675537,
            0.4368913173675537,
            0.4368913173675537,
            0.4368913173675537,
            4.041864395141602,
            4.710599899291992,
            5.967986106872559,
            6.663972854614258,
            4.115124225616455,
            3.137709140777588,
            3.918719530105591,
            4.038352012634277,
            4.6572418212890625,
            3.731098175048828,
            0.4368913173675537,
            0.4368913173675537,
            0.4368913173675537,
            0.4368913173675537,
            0.4368913173675537
        ]
    ]
}