{
    "buffer": [
        [
            0.06669503450393677,
            0.7476889491081238,
            0.1438596248626709,
            0.3580678701400757,
            0.33224183320999146,
            0.4259563088417053,
            0.5054691433906555,
            0.9124037623405457,
            0.5624194145202637,
            0.9478464126586914,
            0.8058562278747559,
            0.18389302492141724,
            0.7242520451545715,
            0.1465519666671753,
            0.2880874276161194,
            0.6470613479614258,
            0.6650960445404053,
            0.8751140236854553,
            0.339042067527771,
            0.5008004307746887
        ],
        [
            0.757411777973175,
            0.016453921794891357,
            0.8614903092384338,
            0.08653879165649414,
            0.5068912506103516,
            0.4149916172027588,
            0.23666352033615112,
            0.5660855174064636,
            0.9134593605995178,
            0.3538402318954468,
            0.20315295457839966,
            0.31508058309555054,
            0.00442582368850708,
            0.7256969809532166,
            0.25986814498901367,
            0.16632986068725586,
            0.21194928884506226,
            0.7874780297279358,
            0.7647868394851685,
            0.883760929107666
        ],
        [
            0.6813615560531616,
            0.3330201506614685,
            0.36027592420578003,
            0.6477149724960327,
            0.9110173583030701,
            0.6359460949897766,
            0.2634273171424866,
            0.264961302280426,
            0.027265489101409912,
            0.608024001121521,
            0.21940875053405762,
            0.054212093353271484,
            0.9384382367134094,
            0.1752943992614746,
            0.44311922788619995,
            0.6432467699050903,
            0.5159291625022888,
            0.16355913877487183,
            0.09583914279937744,
            0.8985412120819092
        ]
    ],
    "computed": [
        [
            0.7744860053062439,
            0.7744860053062439,
            0.7744860053062439,
            0.7744860053062439,
            0.7744860053062439,
            2.25477933883667,
            3.885369300842285,
            3.9084010124206543,
            4.968721866607666,
            3.4382174015045166,
            2.073794364929199,
            3.913403272628784,
            3.9445676803588867,
            5.112708568572998,
            3.1090831756591797,
            0.7744860053062439,
            0.7744860053062439,
            0.7744860053062439,
            0.7744860053062439,
            0.7744860053062439
        ],
        [
            0.4368913173675537,
            0.4368913173675537,
            0.4368913173675537,
            0.4368913173675537,
            0.4368913173675537,
            2.975041627883911,
            5.3196868896484375,
            4.737498760223389,
            6.009326457977295,
            3.248957395553589,
            3.381178379058838,
            5.134774684906006,
            4.823287010192871,
            4.997180461883545,
            3.078995943069458,
            0.4368913173675537,
            0.4368913173675537,
            0.4368913173675537,
            0.4368913173675537,
            0.4368913173675537
        ]
    ]
}