{
    "buffer": [
        [
            0.1991105079650879,
            0.9495086073875427,
            0.7415792942047119,
            0.7725677490234375,
            0.1866118311882019,
            0.6434499025344849,
            0.32471877336502075,
            0.8906782865524292,
            0.41002970933914185,
            0.694656252861023,
            0.588810920715332,
            0.7127341032028198,
            0.33008623123168945,
            0.7437856793403625,
            0.15076452493667603,
            0.6129274964332581,
            0.16170406341552734,
            0.006731212139129639,
            0.09847211837768555,
            0.8947350382804871
        ],
        [
            0.7705178260803223,
            0.9691078662872314,
            0.9005606174468994,
            0.05347728729248047,
            0.15878444910049438,
            0.41920870542526245,
            0.17528384923934937,
            0.8471982479095459,
            0.12199610471725464,
            0.2560492753982544,
            0.01695430278778076,
            0.2161272168159485,
            0.9112387299537659,
            0.9093800187110901,
            0.8579188585281372,
            0.8860636353492737,
            0.9445932507514954,
            0.37196850776672363,
            0.7200010418891907,
            0.9454652070999146
        ],
        [
            0.6654093861579895,
            0.9998381733894348,
            0.759331464767456,
            0.8108241558074951,
            0.3250039219856262,
            0.7399137616157532,
            0.5574532747268677,
            0.38059133291244507,
            0.21814507246017456,
            0.2194417119026184,
            0.11525958776473999,
            0.8356651663780212,
            0.8554655909538269,
            0.4430936574935913,
            0.210657000541687,
            0.8864527344703674,
            0.8197444677352905,
            0.5371670126914978,
            0.26393234729766846,
            0.9595239162445068
        ]
    ],
    "computed": [
        [
            0.7744860053062439,
            0.7744860053062439,
            0.7744860053062439,
            0.7744860053062439,
            0.7744860053062439,
            2.983039140701294,
            5.000819206237793,
            4.394176006317139,
            4.466639041900635,
            2.3468921184539795,
            3.588858127593994,
            4.871613025665283,
            4.44053840637207,
            4.305642127990723,
            3.161472797393799,
            0.7744860053062439,
            0.7744860053062439,
            0.7744860053062439,
            0.7744860053062439,
            0.7744860053062439
        ],
        [
            0.4368913173675537,
            0.4368913173675537,
            0.4368913173675537,
            0.4368913173675537,
            0.4368913173675537,
            4.626073837280273,
            6.924185276031494,
            6.630990028381348,
            5.234316349029541,
            2.6870713233947754,
            3.936908006668091,
            5.667993068695068,
            5.104756832122803,
            6.239410400390625,
            4.274388313293457,
            0.4368913173675537,
            0.4368913173675537,
            0.4368913173675537,
            0.4368913173675537,
            0.4368913173675537
        ]
    ]
}