{
    "buffer": [
        [
            0.46214014291763306,
            0.24750638008117676,
            0.6010659337043762,
            0.6898794174194336,
            0.8976594805717468,
            0.8881911039352417,
            0.42515814304351807,
            0.0591164231300354,
            0.04818844795227051,
            0.9668447971343994,
            0.7210276126861572,
            0.7179536819458008,
            0.06738948822021484,
            0.9630078673362732,
            0.973671555519104,
            0.9514301419258118,
            0.07820749282836914,
            0.31133830547332764,
            0.15611809492111206,
            0.9734827876091003
        ],
        [
            0.28516000509262085,
            0.2717227339744568,
            0.7619564533233643,
            0.268703818321228,
            0.2537389397621155,
            0.4562642574310303,
            0.45194023847579956,
            0.11051076650619507,
            0.9168340563774109,
            0.27943915128707886,
            0.6773574352264404,
            0.9348918199539185,
            0.7521582245826721,
            0.5707899332046509,
            0.9254285097122192,
            0.5672131180763245,
            0.2686716914176941,
            0.9729997515678406,
            0.618340253829956,
            0.012159585952758789
        ],
        [
            0.3576542139053345,
            0.15941625833511353,
            0.9383764863014221,
            0.41742706298828125,
            0.04423755407333374,
            0.4685683250427246,
            0.8140064477920532,
            0.6299002170562744,
            0.6581022143363953,
            0.546436607837677,
            0.6864093542098999,
            0.3781740069389343,
            0.30109989643096924,
            0.03264576196670532,
            0.12333154678344727,
            0.7167012691497803,
            0.20394331216812134,
            0.5717332363128662,
            0.6595957279205322,
            0.5354019403457642
        ]
    ],
    "computed": [
        [
            0.7744860053062439,
            0.7744860053062439,
            0.7744860053062439,
            0.7744860053062439,
            0.7744860053062439,
            2.4670724868774414,
            4.154355525970459,
            3.807021379470825,
            3.757051467895508,
            2.8836240768432617,
            2.814060926437378,
            4.733396053314209,
            3.6295008659362793,
            4.187511444091797,
            2.4756526947021484,
            0.7744860053062439,
            0.7744860053062439,
            0.7744860053062439,
            0.7744860053062439,
            0.7744860053062439
        ],
        [
            0.4368913173675537,
            0.4368913173675537,
            0.4368913173675537,
            0.4368913173675537,
            0.4368913173675537,
            3.5622470378875732,
            5.05638313293457,
            4.398940563201904,
            5.459109783172607,
            3.8607265949249268,
            4.317842483520508,
            5.795057773590088,
            4.894281387329102,
            5.993206977844238,
            4.532362937927246,
            0.4368913173675537,
            0.4368913173675537,
            0.4368913173675537,
            0.4368913173675537,
            0.4368913173675537
        ]
    ]
}