{
    "buffer": [
        [
            0.5814193487167358,
            0.9148122668266296,
            0.33237969875335693,
            0.6472777128219604,
            0.38566190004348755,
            0.47776442766189575,
            0.1954779028892517,
            0.6691004633903503,
            0.6580829620361328,
            0.48968571424484253,
            0.38754892349243164,
            0.19178509712219238,
            0.845772385597229,
            0.12778794765472412,
            0.7048327326774597,
            0.33187323808670044,
            0.2587659955024719,
            0.58982253074646,
            0.24027150869369507,
            0.6152024269104004
        ],
        [
            0.598190426826477,
            0.12875527143478394,
            0.5832492709159851,
            0.7129645943641663,
            0.6979154944419861,
            0.4370606541633606,
            0.09010618925094604,
            0.4229229688644409,
            0.6736538410186768,
            0.31756144762039185,
            0.6897905468940735,
            0.832981288433075,
            0.23892420530319214,
            0.5049309134483337,
            0.7067494988441467,
            0.5391889214515686,
            0.5417657494544983,
            0.5624327063560486,
            0.10692614316940308,
            0.5392941236495972
        ],
        [
            0.846234917640686,
            0.9505568742752075,
            0.7938754558563232,
            0.5670015215873718,
            0.7335070967674255,
            0.2567601799964905,
            0.0856558084487915,
            0.07003945112228394,
            0.9988048672676086,
            0.8173946738243103,
            0.15438312292099,
            0.6956213116645813,
            0.8775838017463684,
            0.9998074173927307,
            0.9371974468231201,
            0.8873769044876099,
            0.3853703737258911,
            0.32452917098999023,
            0.9105244278907776,
            0.7801898121833801
        ]
    ],
    "computed": [
        [
            0.7744860053062439,
            0.7744860053062439,
            0.7744860053062439,
            0.7744860053062439,
            0.7744860053062439,
            2.654447317123413,
            4.1649394035339355,
            4.098640441894531,
            4.7624192237854,
            3.3470652103424072,
            2.7539494037628174,
            4.105868816375732,
            4.245343208312988,
            4.7310261726379395,
            2.8743574619293213,
            0.7744860053062439,
            0.7744860053062439,
            0.7744860053062439,
            0.7744860053062439,
            0.7744860053062439
        ],
        [
            0.4368913173675537,
            0.4368913173675537,
            0.4368913173675537,
            0.4368913173675537,
            0.4368913173675537,
            3.458554983139038,
            5.134827613830566,
            5.761168479919434,
            6.172436714172363,
            4.341307640075684,
            3.769908905029297,
            5.491168975830078,
            5.717716693878174,
            5.780123710632324,
            3.9932589530944824,
            0.4368913173675537,
            0.4368913173675537,
            0.4368913173675537,
            0.4368913173675537,
            0.4368913173675537
        ]
    ]
}