{
    "buffer": [
        [
            0.023700952529907227,
            0.49101293087005615,
            0.12347054481506348,
            0.11432164907455444,
            0.4724501967430115,
            0.5750725269317627,
            0.2952348589897156,
            0.7966887950897217,
            0.19573044776916504,
            0.9536850452423096,
            0.8426499366760254,
            0.07835853099822998,
            0.3755578398704529,
            0.5225613117218018,
            0.572950541973114,
            0.6185871362686157,
            0.6962141394615173,
            0.5299500823020935,
            0.25603562593460083,
            0.7365944981575012
        ],
        [
            0.020375549793243408,
            0.20364665985107422,
            0.3748350739479065,
            0.2564433217048645,
            0.32508331537246704,
            0.09018915891647339,
            0.3936424255371094,
            0.6068782210350037,
            0.17426711320877075,
            0.4743403196334839,
            0.8579254150390625,
            0.4485998749732971,
            0.513896107673645,
            0.4568655490875244,
            0.6011906862258911,
            0.8179197311401367,
            0.9736230969429016,
            0.8175279498100281,
            0.974706768989563,
            0.46383917331695557
        ],
        [
            0.050839245319366455,
            0.26296138763427734,
            0.8404526114463806,
            0.49675875902175903,
            0.25147682428359985,
            0.11684411764144897,
            0.032073974609375,
            0.0779958963394165,
            0.3985816240310669,
            0.7742030024528503,
            0.7703205347061157,
            0.017784059047698975,
            0.8118910193443298,
            0.108745276927948,
            0.3942948579788208,
            0.2972636818885803,
            0.403692364692688,
            0.4018286466598511,
            0.05132502317428589,
            0.06828105449676514
        ]
    ],
    "computed": [
        [
            0.7744860053062439,
            0.7744860053062439,
            0.7744860053062439,
            0.7744860053062439,
            0.7744860053062439,
            1.7045230865478516,
            3.318699359893799,
            3.186715841293335,
            4.148947715759277,
            2.319577693939209,
            3.1816272735595703,
            5.285848140716553,
            4.651146411895752,
            4.6993088722229,
            2.9475059509277344,
            0.7744860053062439,
            0.7744860053062439,
            0.7744860053062439,
            0.7744860053062439,
            0.7744860053062439
        ],
        [
            0.4368913173675537,
            0.4368913173675537,
            0.4368913173675537,
            0.4368913173675537,
            0.4368913173675537,
            1.8854563236236572,
            3.7776403427124023,
            3.8893985748291016,
            4.286975860595703,
            3.036051034927368,
            4.307005405426025,
            6.072978973388672,
            4.42681884765625,
            5.2093658447265625,
            3.3424346446990967,
            0.4368913173675537,
            0.4368913173675537,
            0.4368913173675537,
            0.4368913173675537,
            0.4368913173675537
        ]
    ]
}