{
    "buffer": [
        [
            0.4217602610588074,
            0.5064660906791687,
            0.2728625535964966,
            0.6883496046066284,
            0.049970805644989014,
            0.46625638008117676,
            0.9397097229957581,
            0.29605400562286377,
            0.9515015482902527,
            0.6810768842697144,
            0.04876953363418579,
            0.816348671913147,
            0.44230276346206665,
            0.2767965793609619,
            0.8998266458511353,
            0.09595239162445068,
            0.5536524653434753,
            0.39531564712524414,
            0.8570563197135925,
            0.639572262763977
        ],
        [
            0.740252673625946,
            0.676579475402832,
            0.3797626495361328,
            0.3948472738265991,
            0.08795928955078125,
            0.770922064781189,
            0.8969890475273132,
            0.8421124219894409,
            0.14731085300445557,
            0.5222999453544617,
            0.14753293991088867,
            0.22475790977478027,
            0.2086472511291504,
            0.6708725094795227,
            0.20204341411590576,
            0.4890913963317871,
            0.5210340619087219,
            0.822311520576477,
            0.12203997373580933,
            0.1567438840866089
        ],
        [
            0.20966923236846924,
            0.8499667048454285,
            0.3202674984931946,
            0.9217443466186523,
            0.6808037757873535,
            0.5633130073547363,
            0.49627798795700073,
            0.40115922689437866,
            0.5627331733703613,
            0.3858276605606079,
            0.4964867830276489,
            0.5637965202331543,
            0.10889744758605957,
            0.23793429136276245,
            0.9037463665008545,
            0.0942266583442688,
            0.46409690380096436,
            0.9946193695068359,
            0.6806185245513916,
            0.5141565203666687
        ]
    ],
    "computed": [
        [
            0.7744860053062439,
            0.7744860053062439,
            0.7744860053062439,
            0.7744860053062439,
            0.7744860053062439,
            3.556039571762085,
            4.6966872215271,
            5.385954856872559,
            4.065648078918457,
            3.227363109588623,
            2.5760011672973633,
            3.802299976348877,
            4.1224846839904785,
            3.8855929374694824,
            2.846679449081421,
            0.7744860053062439,
            0.7744860053062439,
            0.7744860053062439,
            0.7744860053062439,
            0.7744860053062439
        ],
        [
            0.4368913173675537,
            0.4368913173675537,
            0.4368913173675537,
            0.4368913173675537,
            0.4368913173675537,
            4.880696773529053,
            5.779566287994385,
            6.293847560882568,
            5.116568565368652,
            3.499737024307251,
            2.8043360710144043,
            4.148135662078857,
            5.677084445953369,
            5.653952598571777,
            3.851914405822754,
            0.4368913173675537,
            0.4368913173675537,
            0.4368913173675537,
            0.4368913173675537,
            0.4368913173675537
        ]
    ]
}