{
    "numInChannels": 5,
    "numOutChannels": 2,
    "channelHeight": 5,
    "channelWidth": 4,
    "kernelHeight": 5,
    "kernelWidth": 4,
    "strideRow": 1,
    "strideCol": 4,
    "padHeight": 3,
    "padWidth": 2,
    "padVal": 0,
    "weights": [
        [
            [
                0.023700952529907227,
                0.49101293087005615,
                0.12347054481506348,
                0.11432164907455444,
                0.4724501967430115,
                0.5750725269317627,
                0.2952348589897156,
                0.7966887950897217,
                0.19573044776916504,
                0.9536850452423096,
                0.8426499366760254,
                0.07835853099822998,
                0.3755578398704529,
                0.5225613117218018,
                0.572950541973114,
                0.6185871362686157,
                0.6962141394615173,
                0.5299500823020935,
                0.25603562593460083,
                0.7365944981575012
            ],
            [
                0.020375549793243408,
                0.20364665985107422,
                0.3748350739479065,
                0.2564433217048645,
                0.32508331537246704,
                0.09018915891647339,
                0.3936424255371094,
                0.6068782210350037,
                0.17426711320877075,
                0.4743403196334839,
                0.8579254150390625,
                0.4485998749732971,
                0.513896107673645,
                0.4568655490875244,
                0.6011906862258911,
                0.8179197311401367,
                0.9736230969429016,
                0.8175279498100281,
                0.974706768989563,
                0.46383917331695557
            ],
            [
                0.050839245319366455,
                0.26296138763427734,
                0.8404526114463806,
                0.49675875902175903,
                0.25147682428359985,
                0.11684411764144897,
                0.032073974609375,
                0.0779958963394165,
                0.3985816240310669,
                0.7742030024528503,
                0.7703205347061157,
                0.017784059047698975,
                0.8118910193443298,
                0.108745276927948,
                0.3942948579788208,
                0.2972636818885803,
                0.403692364692688,
                0.4018286466598511,
                0.05132502317428589,
                0.06828105449676514
            ],
            [
                0.4217602610588074,
                0.5064660906791687,
                0.2728625535964966,
                0.6883496046066284,
                0.049970805644989014,
                0.46625638008117676,
                0.9397097229957581,
                0.29605400562286377,
                0.9515015482902527,
                0.6810768842697144,
                0.04876953363418579,
                0.816348671913147,
                0.44230276346206665,
                0.2767965793609619,
                0.8998266458511353,
                0.09595239162445068,
                0.5536524653434753,
                0.39531564712524414,
                0.8570563197135925,
                0.639572262763977
            ],
            [
                0.740252673625946,
                0.676579475402832,
                0.3797626495361328,
                0.3948472738265991,
                0.08795928955078125,
                0.770922064781189,
                0.8969890475273132,
                0.8421124219894409,
                0.14731085300445557,
                0.5222999453544617,
                0.14753293991088867,
                0.22475790977478027,
                0.2086472511291504,
                0.6708725094795227,
                0.20204341411590576,
                0.4890913963317871,
                0.5210340619087219,
                0.822311520576477,
                0.12203997373580933,
                0.1567438840866089
            ]
        ],
        [
            [
                0.20966923236846924,
                0.8499667048454285,
                0.3202674984931946,
                0.9217443466186523,
                0.6808037757873535,
                0.5633130073547363,
                0.49627798795700073,
                0.40115922689437866,
                0.5627331733703613,
                0.3858276605606079,
                0.4964867830276489,
                0.5637965202331543,
                0.10889744758605957,
                0.23793429136276245,
                0.9037463665008545,
                0.0942266583442688,
                0.46409690380096436,
                0.9946193695068359,
                0.6806185245513916,
                0.5141565203666687
            ],
            [
                0.06669503450393677,
                0.7476889491081238,
                0.1438596248626709,
                0.3580678701400757,
                0.33224183320999146,
                0.4259563088417053,
                0.5054691433906555,
                0.9124037623405457,
                0.5624194145202637,
                0.9478464126586914,
                0.8058562278747559,
                0.18389302492141724,
                0.7242520451545715,
                0.1465519666671753,
                0.2880874276161194,
                0.6470613479614258,
                0.6650960445404053,
                0.8751140236854553,
                0.339042067527771,
                0.5008004307746887
            ],
            [
                0.757411777973175,
                0.016453921794891357,
                0.8614903092384338,
                0.08653879165649414,
                0.5068912506103516,
                0.4149916172027588,
                0.23666352033615112,
                0.5660855174064636,
                0.9134593605995178,
                0.3538402318954468,
                0.20315295457839966,
                0.31508058309555054,
                0.00442582368850708,
                0.7256969809532166,
                0.25986814498901367,
                0.16632986068725586,
                0.21194928884506226,
                0.7874780297279358,
                0.7647868394851685,
                0.883760929107666
            ],
            [
                0.6813615560531616,
                0.3330201506614685,
                0.36027592420578003,
                0.6477149724960327,
                0.9110173583030701,
                0.6359460949897766,
                0.2634273171424866,
                0.264961302280426,
                0.027265489101409912,
                0.608024001121521,
                0.21940875053405762,
                0.054212093353271484,
                0.9384382367134094,
                0.1752943992614746,
                0.44311922788619995,
                0.6432467699050903,
                0.5159291625022888,
                0.16355913877487183,
                0.09583914279937744,
                0.8985412120819092
            ],
            [
                0.5814193487167358,
                0.9148122668266296,
                0.33237969875335693,
                0.6472777128219604,
                0.38566190004348755,
                0.47776442766189575,
                0.1954779028892517,
                0.6691004633903503,
                0.6580829620361328,
                0.48968571424484253,
                0.38754892349243164,
                0.19178509712219238,
                0.845772385597229,
                0.12778794765472412,
                0.7048327326774597,
                0.33187323808670044,
                0.2587659955024719,
                0.58982253074646,
                0.24027150869369507,
                0.6152024269104004
            ]
        ]
    ],
    "biases": [
        0.598190426826477,
        0.12875527143478394
    ]
}